employee_id,name,department,age,salary,experience_years,performance_score
101,Alice Johnson,Engineering,28,75000,4,88.5
102,Bob Smith,Sales,35,62000,8,76.0
103,Charlie Brown,Marketing,,58000,5,82.3
104,Diana Prince,Engineering,42,110000,16,95.0
105,Evan Wright,HR,29,52000,3,79.5
106,Fiona Gallagher,,31,64000,6,84.0
107,George Clark,Finance,45,95000,18,91.2
108,Hannah Abbott,Sales,26,48000,2,72.4
109,Ian Malcolm,Engineering,38,,12,89.0
110,Julia Roberts,Marketing,33,67000,,86.5
111,Kevin Bacon,Finance,50,125000,22,94.8
112,Laura Croft,Engineering,29,82000,5,90.1
113,Michael Scott,Sales,44,70000,15,68.0
114,Nina Simone,HR,36,60000,9,85.2
115,Oscar Martinez,Finance,40,88000,14,92.5
116,Peter Parker,Marketing,24,45000,1,74.0
117,Quinn Fabray,,27,51000,3,78.0
118,Rachel Green,Sales,32,63000,7,81.5
119,Steve Rogers,Engineering,39,105000,14,93.0
120,Tony Stark,Engineering,48,1500000,24,99.9
121,Bruce Wayne,Finance,46,1200000,22,98.5
122,Clark Kent,Marketing,195,59000,6,80.0
123,Barry Allen,Engineering,28,72000,85,87.0
124,Arthur Curry,Sales,34,,8,77.5
102,Bob Smith,Sales,35,62000,8,76.0
105,Evan Wright,HR,29,52000,3,79.5
